Top pages,Clicks,Impressions,CTR,Position
https://vernalmedicare.com/,23,1039,2.21%,7.16
https://vernalmedicare.com/aca,2,325,0.62%,25.92
https://vernalmedicare.com/enbrel-assistance-program,2,150,1.33%,12.37
https://vernalmedicare.com/medicare-help-vernal,2,126,1.59%,6.55
https://vernalmedicare.com/medicare-medicaid-utah,2,102,1.96%,20.01
https://vernalmedicare.com/es/medicare-irmaa,2,83,2.41%,7.24
https://vernalmedicare.com/dupixent-assistance-program,2,76,2.63%,24.34
https://vernalmedicare.com/does-medicare-cover-dupixent,1,235,0.43%,9.74
https://vernalmedicare.com/farxiga-assistance-program,1,119,0.84%,28.33
https://vernalmedicare.com/does-medicare-cover-trelegy,1,118,0.85%,13.13
https://vernalmedicare.com/medicare-irmaa-life-changing-events.html,1,91,1.1%,10.4
https://vernalmedicare.com/repatha-assistance-program,1,76,1.32%,16.09
https://vernalmedicare.com/vernal,1,61,1.64%,4.23
https://vernalmedicare.com/trulicity-assistance-program,1,60,1.67%,10.35
https://vernalmedicare.com/medicare-part-d-cost-calculator,1,33,3.03%,11
https://vernalmedicare.com/medicare-agent-vernal,1,21,4.76%,4.48
https://vernalmedicare.com/medicare-medicaid-utah.html,1,20,5%,12.6
https://vernalmedicare.com/eliquis-assistance-program.html,1,16,6.25%,13.69
https://vernalmedicare.com/enbrel-assistance-program.html,1,14,7.14%,29
https://vernalmedicare.com/ozempic-assistance-program,1,12,8.33%,13.08
https://vernalmedicare.com/es/medicare-enrollment-periods,1,8,12.5%,13.75
https://vernalmedicare.com/medicare-enrollment-countdown,1,5,20%,14.8
https://vernalmedicare.com/life,0,309,0%,29.74
https://vernalmedicare.com/medicare-drug-coverage,0,222,0%,41.51
https://vernalmedicare.com/medicare-formulary-lookup.html,0,190,0%,32.42
https://vernalmedicare.com/medicare-cost-estimator,0,178,0%,26.47
https://vernalmedicare.com/medicare-drug-cost-calculator,0,144,0%,45.89
https://vernalmedicare.com/life.html,0,135,0%,27.8
https://vernalmedicare.com/medicare-news/glp-1-drugs-medicare,0,134,0%,49.34
https://vernalmedicare.com/medicare-formulary-lookup,0,119,0%,30.29
https://vernalmedicare.com/medicare-coverage/ambulance.html,0,104,0%,40.17
https://vernalmedicare.com/medicare-news/medicare-advantage-changes-2026,0,104,0%,66.17
https://vernalmedicare.com/medicare-coverage/hospice,0,86,0%,74.92
https://vernalmedicare.com/skyrizi-assistance-program,0,85,0%,12.51
https://vernalmedicare.com/does-medicare-cover-skyrizi,0,83,0%,9.98
https://vernalmedicare.com/does-medicare-cover-ozempic-wegovy,0,82,0%,28.07
https://vernalmedicare.com/medicare-coverage/ambulance,0,76,0%,29
https://vernalmedicare.com/does-medicare-cover-rinvoq,0,71,0%,12.59
https://vernalmedicare.com/medicare-irmaa.html,0,71,0%,34.32
https://vernalmedicare.com/medigap.html,0,70,0%,13.73
https://vernalmedicare.com/dupixent-assistance-program.html,0,66,0%,26.5
https://vernalmedicare.com/does-medicare-cover-enbrel,0,64,0%,9.19
https://vernalmedicare.com/medicare-glossary,0,62,0%,65.32
https://vernalmedicare.com/medicare-out-of-pocket-maximum-2026,0,59,0%,26.05
https://vernalmedicare.com/mounjaro-assistance-program,0,56,0%,9.95
https://vernalmedicare.com/medicare-savings-programs-utah.html,0,54,0%,8.41
https://vernalmedicare.com/does-medicare-cover-eliquis,0,54,0%,17.19
https://vernalmedicare.com/does-medicare-cover-dupixent.html,0,53,0%,8.26
https://vernalmedicare.com/faq,0,52,0%,4.48
https://vernalmedicare.com/does-medicare-cover-xarelto.html,0,51,0%,20.2
https://vernalmedicare.com/eliquis-assistance-program,0,51,0%,21.67
https://vernalmedicare.com/medicare-penalty-calculator.html,0,47,0%,61.66
https://www.vernalmedicare.com/aca,0,46,0%,42.02
https://vernalmedicare.com/does-medicare-cover-rinvoq.html,0,44,0%,10.98
https://vernalmedicare.com/medicare-news/glp-1-drugs-medicare.html,0,44,0%,57.36
https://vernalmedicare.com/medicare-vernal-ut,0,43,0%,7.65
https://vernalmedicare.com/medicare-out-of-state-utah,0,43,0%,11.58
https://vernalmedicare.com/medicare-supplement-vs-advantage.html,0,43,0%,31.37
https://vernalmedicare.com/aca.html,0,41,0%,4.68
https://vernalmedicare.com/medicare-costs.html,0,41,0%,52.88
https://vernalmedicare.com/entresto-assistance-program,0,39,0%,10.33
https://vernalmedicare.com/medicare-quote-vernal.html,0,37,0%,6.05
https://vernalmedicare.com/medicare-help-center.html,0,37,0%,14.62
https://vernalmedicare.com/does-medicare-cover-entresto,0,37,0%,26.86
https://vernalmedicare.com/does-medicare-cover-trelegy.html,0,36,0%,14.47
https://vernalmedicare.com/medicare-open-enrollment-2026,0,33,0%,12.82
https://vernalmedicare.com/does-medicare-cover-repatha,0,31,0%,9.19
https://vernalmedicare.com/jardiance-assistance-program,0,31,0%,9.45
https://vernalmedicare.com/does-medicare-cover-enbrel.html,0,31,0%,11.23
https://vernalmedicare.com/rinvoq-assistance-program,0,30,0%,23.77
https://vernalmedicare.com/medicare-news/part-d-2000-cap,0,30,0%,75.4
https://vernalmedicare.com/does-medicare-cover-eliquis.html,0,29,0%,16.66
https://vernalmedicare.com/xarelto-assistance-program,0,27,0%,13.56
https://vernalmedicare.com/working-past-65.html,0,27,0%,54.48
https://vernalmedicare.com/skyrizi-assistance-program.html,0,26,0%,20.31
https://vernalmedicare.com/does-medicare-cover-xarelto,0,25,0%,11.56
https://vernalmedicare.com/entresto-assistance-program.html,0,25,0%,11.6
https://vernalmedicare.com/does-medicare-cover-humira.html,0,25,0%,13.12
https://vernalmedicare.com/tier-3-vs-tier-4-medicare-part-d,0,25,0%,17.56
https://vernalmedicare.com/medicare-news/medicare-scam-calls,0,25,0%,41.32
https://vernalmedicare.com/medicare-news/extra-help-expanded.html,0,25,0%,73.64
https://vernalmedicare.com/medicare-vernal-ut.html,0,24,0%,5.04
https://vernalmedicare.com/medicare-eligibility-calculator,0,24,0%,29
https://vernalmedicare.com/trulicity-assistance-program.html,0,23,0%,10.91
https://vernalmedicare.com/best-part-d-plans-vernal.html,0,22,0%,7.91
https://vernalmedicare.com/d-snp-plans-utah,0,22,0%,13.32
https://vernalmedicare.com/does-medicare-cover-trulicity,0,22,0%,22.05
https://vernalmedicare.com/medicare-calculators,0,22,0%,61.91
https://vernalmedicare.com/does-medicare-cover-entresto.html,0,20,0%,10.25
https://vernalmedicare.com/medicare-irmaa-life-changing-events,0,19,0%,6.95
https://vernalmedicare.com/does-medicare-cover-skyrizi.html,0,19,0%,11.68
https://vernalmedicare.com/does-medicare-cover-zepbound,0,19,0%,17.79
https://vernalmedicare.com/medicare-glossary.html,0,19,0%,57.58
https://vernalmedicare.com/medicare-creditable-coverage,0,17,0%,30.41
https://vernalmedicare.com/medicare-drug-cost-calculator.html,0,16,0%,35.06
https://vernalmedicare.com/medicare-coverage/hospice.html,0,16,0%,79.5
https://vernalmedicare.com/medicare-coverage/physical-therapy,0,15,0%,79.8
https://vernalmedicare.com/medicare-out-of-state-utah.html,0,14,0%,11.29
https://vernalmedicare.com/does-medicare-cover-mounjaro-utah,0,14,0%,12.79
https://vernalmedicare.com/does-medicare-cover-zepbound.html,0,14,0%,21.86
https://vernalmedicare.com/xarelto-assistance-program.html,0,14,0%,30.14
https://vernalmedicare.com/medicare-penalty-calculator,0,14,0%,34.71
https://vernalmedicare.com/indemnity.html,0,13,0%,1.46
https://vernalmedicare.com/best-medicare-advantage-vernal.html,0,13,0%,4.77
https://vernalmedicare.com/medicare-plans-vernal-utah,0,13,0%,5.54
https://vernalmedicare.com/medicare-news/extra-help-expanded,0,13,0%,52.38
https://www.vernalmedicare.com/medicare-advantage-vs-medigap-vernal.html,0,12,0%,4
https://vernalmedicare.com/medicare-coverage/preventive-services,0,12,0%,36.83
https://vernalmedicare.com/does-medicare-cover-humira,0,11,0%,17.55
https://vernalmedicare.com/medicare-coverage/skilled-nursing,0,11,0%,54.82
https://vernalmedicare.com/medicare-news,0,10,0%,8.4
https://vernalmedicare.com/dual-eligible,0,10,0%,38.1
https://vernalmedicare.com/medicare-part-b-penalty-calculator.html,0,10,0%,72.2
https://vernalmedicare.com/medicare-plan-g-high-deductible,0,9,0%,30.67
https://www.vernalmedicare.com/missed-medicare-enrollment,0,9,0%,39.56
https://vernalmedicare.com/medicare-coverage/telehealth.html,0,9,0%,60.89
https://vernalmedicare.com/medicare-news/part-d-2000-cap.html,0,9,0%,77.89
https://vernalmedicare.com/working-past-65,0,9,0%,85.11
https://vernalmedicare.com/about.html,0,8,0%,1.5
https://vernalmedicare.com/faq.html,0,8,0%,1.5
https://vernalmedicare.com/reviews.html,0,8,0%,1.5
https://vernalmedicare.com/insulin-cost-medicare-vernal.html,0,8,0%,6.75
https://vernalmedicare.com/turning-65.html,0,8,0%,7.25
https://vernalmedicare.com/medicare-enrollment-timeline,0,8,0%,8.38
https://vernalmedicare.com/medicare-cost-uintah-county,0,8,0%,9.88
https://vernalmedicare.com/medicare-enrollment-vernal,0,8,0%,10.38
https://vernalmedicare.com/es/medicare-supplement-vs-advantage,0,8,0%,35.12
https://vernalmedicare.com/cheapest-prescription-drug-plans,0,7,0%,6.29
https://vernalmedicare.com/insulin-cost-medicare-vernal,0,7,0%,6.29
https://vernalmedicare.com/repatha-assistance-program.html,0,7,0%,8.86
https://vernalmedicare.com/mounjaro-assistance-program.html,0,7,0%,10.71
https://vernalmedicare.com/medicare-irmaa-calculator,0,7,0%,57.71
https://vernalmedicare.com/medicare-irmaa,0,6,0%,43.83
https://vernalmedicare.com/medicare-coverage/foot-care.html,0,6,0%,44.17
https://vernalmedicare.com/vernal.html,0,5,0%,4
https://vernalmedicare.com/reviews,0,5,0%,5
https://vernalmedicare.com/humira-assistance-program,0,5,0%,6.6
https://vernalmedicare.com/medicare-uintah-basin-medical-center,0,5,0%,8.6
https://vernalmedicare.com/medicare-decision-center.html,0,5,0%,9
https://vernalmedicare.com/farxiga-assistance-program.html,0,5,0%,10.8
https://vernalmedicare.com/medicare-coverage/foot-care,0,5,0%,37
https://vernalmedicare.com/does-medicare-cover-trulicity.html,0,5,0%,44.8
https://vernalmedicare.com/medicare-quiz.html,0,5,0%,52.6
https://vernalmedicare.com/privacy,0,4,0%,3.25
https://vernalmedicare.com/part-d-help-vernal,0,4,0%,6
https://vernalmedicare.com/medicare-home-health-utah.html,0,4,0%,6.5
https://vernalmedicare.com/d-snp-plans-utah.html,0,4,0%,7.75
https://www.vernalmedicare.com/medicare-out-of-state-utah,0,4,0%,8.75
https://vernalmedicare.com/medicare-cost-uintah-county.html,0,4,0%,18.75
https://vernalmedicare.com/medicare-irmaa-brackets-2026,0,4,0%,30.75
https://vernalmedicare.com/es/medicare-costs,0,4,0%,49.5
https://vernalmedicare.com/medicare-vernal-pharmacies,0,3,0%,3.67
https://vernalmedicare.com/medicare-extra-help-calculator,0,3,0%,5
https://vernalmedicare.com/medicare-home-health-utah,0,3,0%,6
https://vernalmedicare.com/es/medicare-savings-programs-utah,0,3,0%,7
https://vernalmedicare.com/medicare-coverage,0,3,0%,7.33
https://vernalmedicare.com/medicare-roosevelt-utah,0,3,0%,9
https://vernalmedicare.com/medicare-roosevelt-utah.html,0,3,0%,9.67
https://vernalmedicare.com/es/medicare-decision-center.html,0,3,0%,11
https://vernalmedicare.com/medicare-decision-center,0,3,0%,29
https://vernalmedicare.com/medicare-coverage/durable-medical-equipment.html,0,3,0%,71.33
https://vernalmedicare.com/medicare-quiz,0,2,0%,1
https://vernalmedicare.com/about,0,2,0%,2
https://vernalmedicare.com/editorial-policy,0,2,0%,3.5
https://vernalmedicare.com/editorial-policy.html,0,2,0%,4
https://vernalmedicare.com/medicare-myton-utah,0,2,0%,5.5
https://vernalmedicare.com/does-medicare-cover-farxiga,0,2,0%,7
https://vernalmedicare.com/medicare-tabiona-utah,0,2,0%,14
https://vernalmedicare.com/medicare-extra-help-utah,0,2,0%,20.5
https://vernalmedicare.com/medicare-myton-utah.html,0,2,0%,28.5
https://vernalmedicare.com/medicare-irmaa-appeal-ssa-44,0,2,0%,31.5
https://vernalmedicare.com/medicare-duchesne-utah.html,0,2,0%,33
https://vernalmedicare.com/medicare-altamont-utah,0,2,0%,33.5
https://vernalmedicare.com/delaying-medicare-part-b,0,2,0%,35
https://vernalmedicare.com/missed-medicare-enrollment,0,2,0%,36.5
https://vernalmedicare.com/medicare-irmaa-appeal-ssa-44.html,0,2,0%,38.5
https://vernalmedicare.com/medicare-creditable-coverage.html,0,2,0%,43
https://vernalmedicare.com/turning-65,0,2,0%,47.5
https://vernalmedicare.com/medicare-news/medicare-advantage-changes-2026.html,0,2,0%,86.5
http://vernalmedicare.com/,0,1,0%,1
https://vernalmedicare.com/es/working-past-65,0,1,0%,1
https://vernalmedicare.com/indemnity,0,1,0%,1
https://vernalmedicare.com/medicare-advantage-vs-medigap-vernal,0,1,0%,1
https://vernalmedicare.com/part-d-help-vernal.html,0,1,0%,1
https://vernalmedicare.com/does-medicare-cover-dental-vernal,0,1,0%,2
https://vernalmedicare.com/does-medicare-cover-mounjaro-utah.html,0,1,0%,3
https://vernalmedicare.com/medicare-enrollment-periods.html,0,1,0%,6
https://vernalmedicare.com/es/medicare-decision-center,0,1,0%,10
https://vernalmedicare.com/medicare-eligibility-calculator.html,0,1,0%,10
https://vernalmedicare.com/medicare-uintah-basin-medical-center.html,0,1,0%,10
https://vernalmedicare.com/does-medicare-cover-farxiga.html,0,1,0%,11
https://vernalmedicare.com/does-medicare-cover-ozempic-wegovy.html,0,1,0%,11
https://vernalmedicare.com/es/turning-65,0,1,0%,11
https://vernalmedicare.com/es/medicare-enrollment-periods.html,0,1,0%,12
https://vernalmedicare.com/medicare-help-center,0,1,0%,20
https://vernalmedicare.com/medicare-ouray-utah,0,1,0%,33
https://vernalmedicare.com/es/medicare-quote-vernal,0,1,0%,42
https://vernalmedicare.com/medicare-news/insulin-35-cap,0,1,0%,48
https://vernalmedicare.com/es/working-past-65.html,0,1,0%,49
https://vernalmedicare.com/medicare-tabiona-utah.html,0,1,0%,50
https://vernalmedicare.com/medicare-coverage/mental-health,0,1,0%,76