Top queries,Clicks,Impressions,CTR,Position
health insurance,1,178,0.56%,4.95
medical insurance in utah,1,1,100%,2
farxiga coupon for medicare patients,1,1,100%,34
disability insurance,0,111,0%,10.83
life insurance salt lake city,0,70,0%,66.49
medicare,0,60,0%,6.42
irmaa,0,45,0%,6.02
aca health insurance for families orem ut,0,39,0%,41.21
aca health insurance orem ut,0,34,0%,25.88
medicare glossary,0,34,0%,58.32
does medicare cover fenofibrate,0,33,0%,40.15
medicare cost estimator,0,31,0%,25.45
life insurance near me,0,31,0%,72.26
asistencia de eliquis para pacientes de medicare,0,29,0%,34.69
does medicare cover rinvoq,0,27,0%,11.41
does medicare cover ambulance transport from hospital to home,0,27,0%,36.81
affordable care act health insurance st. george ut,0,25,0%,31.72
life insurance utah,0,22,0%,22
affordable care act health insurance orem ut,0,22,0%,29.91
does medicare cover advil,0,21,0%,33.14
medicare cost calculator,0,21,0%,38.57
2026 medicare part d cap help,0,21,0%,87.81
etanercept coupon,0,20,0%,20.25
does medicare cover ozempic,0,20,0%,28.9
affordable care act insurance orem ut,0,20,0%,29.5
health insurance through aca orem ut,0,20,0%,48.2
deschutes county medicare advantage changes 2026,0,19,0%,91.74
life insurance companies utah,0,17,0%,25.94
farxiga coupon,0,17,0%,34.41
utah d-snp plans,0,16,0%,15.62
does medicare cover tylenol sore throat,0,16,0%,35.44
medicare advantage 2026,0,16,0%,49.56
does medicare cover hospice,0,16,0%,74.38
medicare utah 2026,0,15,0%,17.6
aca insurance orem ut,0,15,0%,36.73
aca insurance for families orem ut,0,15,0%,49.33
medicaid,0,14,0%,6.07
does medicare cover trelegy,0,14,0%,17.93
does medicare cover juluca,0,14,0%,37.57
utah medigap plans,0,14,0%,38.21
insurance through aca st. george ut,0,14,0%,56.86
health insurance plans,0,13,0%,12.08
drug cost estimator,0,13,0%,23.54
does medicare cover wegovy,0,13,0%,40.62
medicare extra help 2024,0,13,0%,77.31
is my medicare advantage plan ending in 2026?,0,13,0%,80.15
does medicare cover fluticasone furoate vilanterol ellipta,0,12,0%,13.42
rinvoq ruxience copay savings card,0,12,0%,38.08
estimate medicare costs,0,12,0%,41.58
life insurance provo utah,0,12,0%,52.58
is dupixent covered by medicare part b,0,11,0%,10.82
is dupixent covered by medicare,0,11,0%,13.64
medicare ambulance coverage,0,11,0%,24.82
estimating medicare costs,0,11,0%,47.18
"life insurance herriman, ut",0,11,0%,51.91
"gary summers is enrolled in ajax medicare advantage plan. gary has recently 
faced a series of health issues leading to substantial out-of-pocket 
expenses. gary understands that in original medicare (parts a and b) there 
is no annual out-of-pocket maximum. he asks you if the same is true of his 
medicare advantage plan? how do you respond?",0,10,0%,1
"""1-888-762-6436"" enbrel",0,10,0%,5.4
does medicare cover skyrizi,0,10,0%,14.2
utah medigap,0,10,0%,17.4
how to get enbrel free,0,10,0%,17.6
does medicare cover xarelto,0,10,0%,18.1
utah life insurance,0,10,0%,22.6
rinvoq assistance for medicare patients,0,10,0%,25.6
medicare covers ambulance,0,10,0%,29.3
does medicare cover ambulance,0,10,0%,31.9
medicare simulator,0,10,0%,38.7
does medicare cover luminal,0,10,0%,40.6
medicare weight loss drug coverage 2026,0,10,0%,46.5
hospice covered by medicare,0,10,0%,77.5
unitedhealthcare,0,9,0%,2.44
does medicare cover enbrel,0,9,0%,16.44
does medicare cover montelukast,0,9,0%,16.56
does medicare cover eliquis,0,9,0%,16.67
what tier drug is eliquis,0,9,0%,18.44
farxiga patient assistance,0,9,0%,34.33
farxiga copay card,0,9,0%,34.44
medicare coverage for ambulance,0,9,0%,36.11
does medicare cover inderal la,0,9,0%,36.78
does medicare cover ambulance transport,0,9,0%,37.78
affordable care act insurance st. george ut,0,9,0%,39
does medicare cover pioglitazone,0,9,0%,45.56
maximum out of pocket medicare,0,9,0%,74.44
dental insurance,0,8,0%,5.75
"""888-762-6436"" enbrel",0,8,0%,6.38
insurance vernal utah,0,8,0%,10.62
does medicare cover simvastatin,0,8,0%,22.38
does medicaid cover farxiga,0,8,0%,33.62
aca health insurance st. george ut,0,8,0%,40.25
medicare irmaa surcharges,0,8,0%,44
does medicare cover fenoglide,0,8,0%,45.12
medicare part b premium penalty calculator,0,8,0%,53.38
medicare part d out-of-pocket cap explanation,0,8,0%,87.25
medicade,0,7,0%,4.43
united healthcare,0,7,0%,4.57
does medicare cover dupixent,0,7,0%,13
insurance agents,0,7,0%,16.29
does medicare cover fluticasone propionate hfa,0,7,0%,20.57
xarelto assistance for medicare patients,0,7,0%,26
does medicare cover lamisil at,0,7,0%,28
medicare coverage ambulance,0,7,0%,32.29
does medicare cover esgic,0,7,0%,35
does medicare cover aliskiren,0,7,0%,39.86
medicare utah,0,7,0%,40.86
does medicare cover junel fe 24,0,7,0%,42.43
medicare life changing event,0,7,0%,46.86
does medicare cover acetaminophen ibuprofen,0,7,0%,47.43
medicare enrollment calculator,0,7,0%,53
prescription cost,0,7,0%,53.29
medicare price,0,7,0%,68
medicare hospice benefit,0,7,0%,73.71
does medicare pay for hospice,0,7,0%,79.86
medicare penalty for late enrollment,0,7,0%,84.29
medicare still working age 65,0,7,0%,98.86
is skyrizi covered by medicare,0,6,0%,9.17
is skyrizi covered by medicare part b,0,6,0%,10.5
insurance agency,0,6,0%,14.5
does medicare cover clarinex,0,6,0%,17.67
does medicare cover fondaparinux,0,6,0%,24.33
how much does eliquis cost with medicare,0,6,0%,25.83
ambulance coverage medicare,0,6,0%,26
medicare drug cost estimator,0,6,0%,27.83
does medicare cover roszet,0,6,0%,30
does medicare cover labetalol,0,6,0%,33
rinvoq cost,0,6,0%,33.67
drug cost calculator,0,6,0%,35.33
does medicare cover ranolazine,0,6,0%,35.67
cupon para farxiga,0,6,0%,37.33
does medicare cover veregen,0,6,0%,37.5
does medicare cover nadolol,0,6,0%,40.17
does medicare cover albendazole,0,6,0%,40.83
does medicare cover farxiga,0,6,0%,42.5
entresto copay card,0,6,0%,44.83
medicare drug list,0,6,0%,45
does medicare cover lipofen,0,6,0%,46.17
medicare formulary,0,6,0%,47.83
drugs covered by medicare,0,6,0%,48.17
utah medicare,0,6,0%,51.17
price a medication,0,6,0%,54.17
medicare drug formulary,0,6,0%,60
hospice care medicare,0,6,0%,69
medicare advantage plans bend 2026,0,6,0%,82.5
"medicare advantage vs medigap comparison -site:youtube.com -site:reddit.com 
-site:x.com -site:twitter.com -site:facebook.com -site:instagram.com 
-site:tiktok.com -site:linkedin.com -site:pinterest.com -site:nytimes.com 
-site:wsj.com -site:yelp.com -site:rottentomatoes.com",0,5,0%,7
is trelegy covered by medicare part d,0,5,0%,11.8
is dupixiet what tier of insurance,0,5,0%,12.2
humira medicare coverage,0,5,0%,15.6
does medicare cover trelegy ellipta,0,5,0%,16.4
does medicare cover allopurinol,0,5,0%,19.6
does medicare cover armonair,0,5,0%,22.4
does medicare cover fluvastatin,0,5,0%,23
aca utah,0,5,0%,25.8
does medicare cover amlodipine atorvastatin,0,5,0%,27
does medicare cover inderal,0,5,0%,28.6
does medicare cover ezallor,0,5,0%,29.4
does medicare cover endocet,0,5,0%,30
does medicare cover vazalore,0,5,0%,30.4
does medicare cover coumadin,0,5,0%,31.6
trulicity cost with medicare,0,5,0%,31.6
does medicare pay ambulance,0,5,0%,33.2
medicare calculator,0,5,0%,34
does medicare cover neoral,0,5,0%,36.2
does medicare cover sotalol,0,5,0%,40
medicare coverage of ambulance,0,5,0%,42.4
cupon para repatha,0,5,0%,44.4
does medicare cover neutrasal,0,5,0%,47
does medicare cover sectral,0,5,0%,49
medicare quiz,0,5,0%,52.6
drug costs,0,5,0%,54.8
what drugs does medicare cover,0,5,0%,56.8
prescription costs,0,5,0%,61.8
medicare definitions,0,5,0%,68.2
medicare part b penalty,0,5,0%,73
medicare coverage for glp 1,0,5,0%,83.8
is hospice care covered by medicare,0,5,0%,92.6
medicate,0,4,0%,4.75
is rinvoq covered by medicare,0,4,0%,7
medicare advantage,0,4,0%,7.25
insurance broker,0,4,0%,8.5
skyrizi medicare,0,4,0%,10
cost of rinvoq on medicare,0,4,0%,11
does medicare cover aranelle,0,4,0%,17.75
does medicare cover savaysa,0,4,0%,18.75
does medicare cover ultram,0,4,0%,19.25
life insurance in utah,0,4,0%,19.5
does medicare cover nystop,0,4,0%,20.25
does medicare cover zocor,0,4,0%,20.75
medigap cost calculator,0,4,0%,21
does medicare cover xyzal,0,4,0%,22.25
farxiga assistance,0,4,0%,22.5
how much does medicare pay for ambulance services,0,4,0%,23.25
eastern utah insurance vernal utah,0,4,0%,24.75
does medicare cover singulair,0,4,0%,27
does medicare cover arnuity ellipta,0,4,0%,27.25
does medicare cover altoprev,0,4,0%,27.5
does medicare cover azor,0,4,0%,27.5
does medicare cover trandolapril,0,4,0%,29.25
does medicare cover tramadol er,0,4,0%,30.25
does medicare cover fosrenol,0,4,0%,31.75
aarp drug cost estimator,0,4,0%,32.25
does medicare cover claravis,0,4,0%,34.25
insurance through aca orem ut,0,4,0%,34.25
does medicare cover ambulance service,0,4,0%,35
drug comparison costs,0,4,0%,37
does medicaid cover entresto,0,4,0%,40
medicare cover ambulance,0,4,0%,40
medicare scam calls,0,4,0%,41.25
does medicare cover larin 24 fe,0,4,0%,41.75
+red +plan +medicare +medicaid,0,4,0%,44.75
does medicare cover glumetza,0,4,0%,47
medication cost,0,4,0%,49
does medicare cover novofine,0,4,0%,49.5
2026 medicare advantage,0,4,0%,51.25
medicare and mounjaro 2026,0,4,0%,53.25
medicare advantage supplemental benefits 2026 changes,0,4,0%,53.5
drug cost,0,4,0%,53.75
medicare eligibility age chart,0,4,0%,54
list of drugs covered by medicare,0,4,0%,54.75
can i use my medicare in another state,0,4,0%,56
prescriptions cost,0,4,0%,57.25
medicare initial enrollment period calculator,0,4,0%,58.25
medicare penalty calculator,0,4,0%,58.5
medicare rates,0,4,0%,59
cost of prescription drugs,0,4,0%,61.5
aca health insurance for families st. george ut,0,4,0%,61.75
medicare nursing home coverage,0,4,0%,62
medication covered by medicare,0,4,0%,63
price of prescription,0,4,0%,63
rx drug costs,0,4,0%,63
medicare and hospice care,0,4,0%,63.5
medicare telehealth coverage,0,4,0%,63.75
medicare late enrollment penalty,0,4,0%,66.25
cost for prescription drugs,0,4,0%,73
life insurance salt lake city ut,0,4,0%,73.25
does medicare cover hospice care,0,4,0%,83.75
how does medicare work in simple terms,0,4,0%,90.5
medicaid office,0,3,0%,1
medicaid office near me,0,3,0%,1
health insurance marketplace,0,3,0%,2
uhc,0,3,0%,2.33
united health care,0,3,0%,3
is dupixiet what tier,0,3,0%,5.67
does medicare cover skyrizi for crohn's disease,0,3,0%,7
insurance,0,3,0%,7.67
skyrizi cost medicare,0,3,0%,8.67
skyrizi covered by medicare,0,3,0%,8.67
medigap calculator,0,3,0%,9.67
health insurance brokers near me,0,3,0%,10
medicare help near me,0,3,0%,10
does medicare cover entresto,0,3,0%,10.67
does medicare cover dupixent injections,0,3,0%,11.33
does medicare part d cover trelegy,0,3,0%,11.67
is trilogy covered by medicare,0,3,0%,11.67
what tier is ozempic,0,3,0%,11.67
does medicare cover jantoven,0,3,0%,12
is xarelto covered by medicare,0,3,0%,15.33
does medicare cover ozempic for diabetes,0,3,0%,17
does medicare cover tramadol acetaminophen,0,3,0%,17.33
enbrel co-pay card activation,0,3,0%,17.33
does medicare cover norflex,0,3,0%,18.33
does medicare pay for zepbound,0,3,0%,19.33
enbrel coupon,0,3,0%,19.67
how much does xarelto cost with medicare,0,3,0%,19.67
medicare part c cost calculator,0,3,0%,19.67
repatha ready card used for medicare,0,3,0%,21
enbrel sureclick discount card,0,3,0%,22
does medicare cover levalbuterol,0,3,0%,22.33
does medicare cover trulicity,0,3,0%,22.33
does medicare cover anoro ellipta,0,3,0%,23.67
does medicare cover ocella,0,3,0%,23.67
does medicare cover arixtra,0,3,0%,24
does medicare cover zepbound,0,3,0%,24.33
does medicare cover simlandi,0,3,0%,24.67
does medicare cover lamisil,0,3,0%,25
does medicare cover incruse ellipta,0,3,0%,25.67
does medicare pay for ozempic,0,3,0%,25.67
skyrizi copay assistance 2019,0,3,0%,26
does medicare cover alavert d,0,3,0%,26.33
utah aca,0,3,0%,27
does medicare pay for wegovy?,0,3,0%,27.33
does medicare cover aldara,0,3,0%,28.33
skyrizi patient assistance,0,3,0%,29
does medicare cover levocarnitine,0,3,0%,29.33
does medicare cover clarinex d,0,3,0%,30.33
does medicare cover inderal xl,0,3,0%,30.33
medicare ambulance cover,0,3,0%,30.67
farxiga savings card download,0,3,0%,32
when will medicare cover wegovy,0,3,0%,32
does medicare cover arformoterol,0,3,0%,32.67
how much does trulicity cost with medicare,0,3,0%,32.67
does medicaid cover enbrel,0,3,0%,33
does medicare cover tri lo estarylla,0,3,0%,33
does medicare cover breo ellipta,0,3,0%,33.33
does medicare cover clorazepate,0,3,0%,34
how to save on enbrel,0,3,0%,34
does medicare cover propranolol er,0,3,0%,34.33
compare medicare supplement and advantage plans,0,3,0%,36
cupon para enbrel,0,3,0%,36
does medicaid cover dupixent,0,3,0%,36.67
ambulance medicare,0,3,0%,37
does medicare cover formoterol,0,3,0%,37
does medicare cover zegalogue,0,3,0%,37
medicare advantage vs medicare supplement,0,3,0%,37
does medicare cover fioricet with codeine,0,3,0%,37.67
does medicare cover alosetron,0,3,0%,38.33
does medicare cover warfarin,0,3,0%,38.67
does medicare cover aldactone,0,3,0%,39
does medicare cover megace,0,3,0%,39
does medicare cover rifabutin,0,3,0%,39
dupixent copay card,0,3,0%,39
does medicare cover albenza,0,3,0%,41
which is better medicare advantage or medicare supplement,0,3,0%,41
medicare routine foot care,0,3,0%,41.67
does medicare cover mounjaro,0,3,0%,42
medicare effective date calculator,0,3,0%,42
does medicare cover lopressor,0,3,0%,43
irmaa calculator,0,3,0%,43
scam medicare calls,0,3,0%,43.67
does medicare cover renvela,0,3,0%,44.33
does medicare pay for ambulance,0,3,0%,44.33
estimate medicare drug costs,0,3,0%,44.33
medicare advantage plans 2026 changes,0,3,0%,45.67
does medicare cover alinia,0,3,0%,46
life insurance orem,0,3,0%,46
does medicare cover glucophage xr,0,3,0%,46.33
does medicare cover trandolapril verapamil,0,3,0%,46.33
medicare call scams,0,3,0%,46.33
does medicare cover enablex,0,3,0%,46.67
does medicare cover steglatro,0,3,0%,48
does medicare cover artane,0,3,0%,48.67
repatha coupon,0,3,0%,49.67
medicare part d formulary list,0,3,0%,53
plan medicare medicaid,0,3,0%,53
price a drug,0,3,0%,53.67
medicare formulary drug list,0,3,0%,54
prescription cost lookup,0,3,0%,54.33
drug comparison prices,0,3,0%,54.67
drug cost comparisons,0,3,0%,55
medicare max out of pocket,0,3,0%,58
working past 65,0,3,0%,59.33
cost of prescription,0,3,0%,60.33
cost of a prescription,0,3,0%,62
medicare part b enrollment penalty,0,3,0%,63.33
medicare preferred drug list,0,3,0%,63.67
medicare out of pocket maximum,0,3,0%,64.67
medicare terminology,0,3,0%,64.67
medicaid medicare plan,0,3,0%,65
price for prescription,0,3,0%,65.67
extra help copays 2026,0,3,0%,66
medicare and working past 65,0,3,0%,70.67
glp 1 drugs covered by medicare,0,3,0%,71
medicare and hospice,0,3,0%,71.33
how much does medication cost,0,3,0%,72
medicare part d calculator,0,3,0%,72.33
medicare penalty part b,0,3,0%,73.67
does medicare cover physical therapy,0,3,0%,75
hospice care and medicare,0,3,0%,75
what glp 1 is covered by medicare,0,3,0%,75
hospice care under medicare,0,3,0%,76.67
does medicare cover glp-1 drugs,0,3,0%,79.33
late enrollment penalty for medicare part b,0,3,0%,81.33
how much will my prescription cost without insurance,0,3,0%,81.67
medicare and hospice care coverage,0,3,0%,83
is physical therapy covered by medicare,0,3,0%,83.33
how to change medicare advantage plan 2026,0,3,0%,89.67
is hospice covered by medicare,0,3,0%,93
cholesterol+funds,0,2,0%,1
insurance companies vernal utah,0,2,0%,1
dental agency,0,2,0%,2
how much is eliquis on medicare part d,0,2,0%,2
medicare near me,0,2,0%,2
unitedhealthcare insurance,0,2,0%,2
mdicare,0,2,0%,4
"""medicare advantage""",0,2,0%,6
smith's pharmacy vernal utah,0,2,0%,6
yes,0,2,0%,7.5
"medicare enrollment guide -site:youtube.com -site:reddit.com -site:x.com 
-site:twitter.com -site:facebook.com -site:instagram.com -site:tiktok.com 
-site:linkedin.com -site:pinterest.com -site:nytimes.com -site:wsj.com 
-site:yelp.com -site:rottentomatoes.com",0,2,0%,8
smiths vernal pharmacy,0,2,0%,8.5
smiths pharmacy vernal,0,2,0%,9.5
trelegy covered by medicare,0,2,0%,9.5
888-701-1257,0,2,0%,10
does medicare part d cover dupixent,0,2,0%,10
insurance near me,0,2,0%,10
is rinvoq covered by medicare part d,0,2,0%,10
rinvoq medicare,0,2,0%,10
dupixent medicare coverage,0,2,0%,10.5
is farxiga covered by medicare part b,0,2,0%,11
is skyrizi covered by medicare part d,0,2,0%,11.5
what is creditable coverage,0,2,0%,11.5
how can i get help paying for enbrel,0,2,0%,12.5
what tier drug is dupixent,0,2,0%,12.5
dupixent cost with medicare,0,2,0%,13.5
xarelto assistance program,0,2,0%,13.5
dot physical near me,0,2,0%,14
medicare advantage cost calculator,0,2,0%,15.5
does medicare cover ultracet,0,2,0%,16
does medicaid cover trelegy,0,2,0%,18.5
xarelto covered by medicare,0,2,0%,18.5
creditable coverage,0,2,0%,19
does medicare cover humira,0,2,0%,19
844-391-1092,0,2,0%,20.5
does medicare cover loratadine,0,2,0%,20.5
does medicare cover norgesic,0,2,0%,20.5
is eliquis covered by medicare part d,0,2,0%,20.5
medicare calculator 2026,0,2,0%,20.5
does medicare cover desloratadine,0,2,0%,21.5
does medicare cover lovastatin,0,2,0%,22
does medicare cover semaglutide,0,2,0%,22.5
does medicare cover vytorin,0,2,0%,22.5
medicare iep calculator,0,2,0%,22.5
cheap life insurance utah,0,2,0%,23
medicare foot care,0,2,0%,25
skyrizi insurance coverage,0,2,0%,25
tier 4 drugs,0,2,0%,25
does medicare cover uloric,0,2,0%,25.5
zepbound and medicare,0,2,0%,25.5
blood thinners covered by medicare,0,2,0%,26.5
does medicare cover durezol,0,2,0%,26.5
does medicare cover tribenzor,0,2,0%,27
medicare estimation,0,2,0%,27
does medicare cover lovaza,0,2,0%,28
does medicare cover miralax,0,2,0%,28
does medicare cover tramadol,0,2,0%,28
does medicare pay for 911 ambulance service,0,2,0%,28
medicare and medicaid together,0,2,0%,28
xarelto patient assistance program,0,2,0%,28
does medicare cover trexall,0,2,0%,28.5
does medicare cover tyblume,0,2,0%,28.5
skyrizi copay card,0,2,0%,28.5
does medicare cover astelin,0,2,0%,29
does medicare cover amlodipine olmesartan,0,2,0%,29.5
farxiga patient assistance application,0,2,0%,29.5
xarelto prescription assistance program,0,2,0%,29.5
repatha patient assistance,0,2,0%,30
does medicare cover urso forte,0,2,0%,31
does medicare cover tuzistra xr,0,2,0%,31.5
does medicare cover pravastatin,0,2,0%,32
does original medicare cover ambulance services,0,2,0%,33
skyrizi cost,0,2,0%,33.5
does medicare cover almotriptan,0,2,0%,34
does medicare cover nortrel 7 7 7,0,2,0%,34.5
compare medicare advantage and supplement stallings nc,0,2,0%,35
farxiga coupon with insurance,0,2,0%,35.5
which is better medicare supplement or medicare advantage,0,2,0%,35.5
does medicare cover skilled nursing,0,2,0%,36
is entresto covered by medicaid,0,2,0%,36.5
does medicare cover flurazepam,0,2,0%,37
does medicare cover aurovela fe 1 20,0,2,0%,37.5
does medicare cover risedronate dr,0,2,0%,37.5
does medicare cover repatha,0,2,0%,39
does medicare cover savella,0,2,0%,39
enbrel sureclick coupon,0,2,0%,39
medicare part d drug list,0,2,0%,39
farxiga company,0,2,0%,40
medicare jokes,0,2,0%,40
does medicare cover alogliptin pioglitazone,0,2,0%,40.5
medicare part a ambulance coverage,0,2,0%,40.5
part b late enrollment penalty calculator,0,2,0%,40.5
"term life insurance herriman, ut",0,2,0%,40.5
ambulance covered by medicare,0,2,0%,41
does medicare cover ambulance transportation,0,2,0%,41
medicare advantage vs medicare supplement plans,0,2,0%,41.5
does medicare cover propranolol,0,2,0%,42
does medicare cover xanax,0,2,0%,42
does medicare cover errin,0,2,0%,42.5
rinvoq cost per month,0,2,0%,42.5
advantage plan vs medicare supplement,0,2,0%,43
does medicare cover avapro,0,2,0%,43
does medicare cover sharobel,0,2,0%,43
dupixent without insurance,0,2,0%,43
irmaa medicare surcharge,0,2,0%,43
what are irmaa surcharges,0,2,0%,43
what is the irmaa surcharge,0,2,0%,43
which is better medicare advantage or supplement,0,2,0%,43
life care plans utah,0,2,0%,45
what is creditable,0,2,0%,45
does medicare cover quasense,0,2,0%,45.5
term life insurance utah,0,2,0%,45.5
how to get skyrizi,0,2,0%,46
does medicare cover janumet xr,0,2,0%,46.5
does medicare cover livita,0,2,0%,46.5
medicare with medicaid,0,2,0%,46.5
does medicare cover cryselle,0,2,0%,47
does medicare cover renagel,0,2,0%,47.5
irmaa surcharges,0,2,0%,47.5
missed fall open enrollment period,0,2,0%,48.5
what is irmaa surcharge,0,2,0%,48.5
advantage plan versus supplement,0,2,0%,49
does medicare cover lamictal xr,0,2,0%,49
does medicare cover verapamil,0,2,0%,49
does medicare cover mexitil,0,2,0%,49.5
does medicare cover revia,0,2,0%,49.5
medicare prescription coverage list,0,2,0%,49.5
does medicare cover nocdurna,0,2,0%,50
medicare advantage changes 2026,0,2,0%,50.5
medicare glp 1 coverage 2026,0,2,0%,50.5
medicare part b premium calculator,0,2,0%,50.5
list of medications covered by medicare,0,2,0%,51
what is medicare irmaa for 2026,0,2,0%,52.5
+plan +medicare +medicaid,0,2,0%,53
does medicare cover podiatry,0,2,0%,53
red plan medicare medicaid,0,2,0%,53
medicare approved drug list,0,2,0%,53.5
medicare drug coverage list,0,2,0%,53.5
repatha cost medicare,0,2,0%,53.5
medicare coverage of nursing home,0,2,0%,54
rx price checker,0,2,0%,54
formulary medicare,0,2,0%,54.5
how much will my prescription cost with insurance,0,2,0%,54.5
does medicare cover ambulance ride,0,2,0%,55
medicare formulary list,0,2,0%,55.5
medicare out of pocket limit,0,2,0%,55.5
change medicare doctors medicare advantage 2026,0,2,0%,56
coupon for entresto,0,2,0%,56
prescription price check,0,2,0%,56
price a prescription,0,2,0%,56.5
estimate medicare premiums,0,2,0%,57
medicare prescription drug list,0,2,0%,57
medicare max out of pocket 2026,0,2,0%,57.5
what is the medicare surcharge,0,2,0%,58
glp-1 medicare coverage 2026,0,2,0%,58.5
glp1 and medicare,0,2,0%,60
medicare and glp1 2026,0,2,0%,62
hospice care medicare coverage,0,2,0%,64
how much is medicare now,0,2,0%,64.5
medicare extra help program 2026,0,2,0%,64.5
does medicare pay for air ambulance,0,2,0%,66
part b late enrollment,0,2,0%,66
telehealth medicare coverage,0,2,0%,66
medicare ozempic coverage 2026,0,2,0%,67
aca quote 39406,0,2,0%,68
medicare cap,0,2,0%,69
still working at 65 medicare,0,2,0%,71
changes to medicare advantage 2026,0,2,0%,73
does medicare cover glp-1 for weight loss,0,2,0%,77
medicare penalty,0,2,0%,78.5
what are medicare copays,0,2,0%,78.5
aca insurance for families st. george ut,0,2,0%,79.5
how much does medicare cover for hospice,0,2,0%,80
does medicare pay for pt,0,2,0%,81
does medicare cover glp-1,0,2,0%,82.5
does medicare cover glp-1 for prediabetes,0,2,0%,83
calculating medicare part b premiums,0,2,0%,83.5
hospice requirements for medicare,0,2,0%,84
disenroll from medicare advantage 2026,0,2,0%,85
subsidio,0,2,0%,86
what glp1 does medicare cover,0,2,0%,86.5
can i switch medicare advantage plans 2026,0,2,0%,91
health insurance logan utah,0,2,0%,92
mnrp meaning,0,2,0%,99
cna insurance,0,1,0%,1
direct primary care utah,0,1,0%,1
does medicare part d pay for eliquis,0,1,0%,1
health care provider,0,1,0%,1
how does medicare surcharge work,0,1,0%,1
"i am a 35-44, 45-54, or 55-64 year old doctor in the healthcare industry. 
my main motivations: researching and evaluating biologic and specialty 
treatments for inflammatory conditions is skyrizi covered by medicare for 
psoriatic arthritis?",0,1,0%,1
insurance west,0,1,0%,1
irmaa qualifying event,0,1,0%,1
is entresto covered by medicare,0,1,0%,1
medicare assistance,0,1,0%,1
medicare oop max 2026,0,1,0%,1
medicare part d plans in ut,0,1,0%,1
medicare specialist near me,0,1,0%,1
no deductible,0,1,0%,1
united health insurance phone number,0,1,0%,1
united healthcare phone number,0,1,0%,1
unitedhealthcare address and phone number,0,1,0%,1
77090,0,1,0%,2
covered by medicare,0,1,0%,2
does medicare pay for any prescriptions,0,1,0%,2
humana medicare eligibility check,0,1,0%,2
medicaid utah,0,1,0%,2
meicade,0,1,0%,2
what time does the medicaid office close,0,1,0%,2
where to get med card near me,0,1,0%,2
"you should explain your role to a beneficiary that you are a representative 
of medicare.",0,1,0%,2
aarp unitedhealthcare agents near me,0,1,0%,3
blue cross health insurance,0,1,0%,3
dupixent,0,1,0%,3
health consultants,0,1,0%,3
is skyrizi covered by medicare for psoriatic arthritis?,0,1,0%,3
medica,0,1,0%,3
medico,0,1,0%,3
united health,0,1,0%,3
does medicare cover it,0,1,0%,4
marketplace health insurance,0,1,0%,4
"medicare enrollment and premiums -site:youtube.com -site:reddit.com 
-site:x.com -site:twitter.com -site:facebook.com -site:instagram.com 
-site:tiktok.com -site:linkedin.com -site:pinterest.com -site:nytimes.com 
-site:wsj.com -site:yelp.com -site:rottentomatoes.com",0,1,0%,4
eastern utah insurance,0,1,0%,5
health care insurance,0,1,0%,5
irmaa medicare,0,1,0%,5
medicaid customer service hours,0,1,0%,5
medicare irmaa,0,1,0%,5
"medicare part d prescription drug coverage -site:youtube.com 
-site:reddit.com -site:x.com -site:twitter.com -site:facebook.com 
-site:instagram.com -site:tiktok.com -site:linkedin.com -site:pinterest.com 
-site:nytimes.com -site:wsj.com -site:yelp.com -site:rottentomatoes.com",0,1,0%,5
medicare.,0,1,0%,5
aseguranza para autos,0,1,0%,6
does medicare cover keralac,0,1,0%,6
health insurance utah,0,1,0%,6
healthcare options,0,1,0%,6
hospital medical supplies near me,0,1,0%,6
if patient has medicare and medicaid which is primary,0,1,0%,6
irma medicare,0,1,0%,6
irmmaa,0,1,0%,6
"jennifer is enrolling in an ma plan and wants to know what counts toward 
the medical annual out-of-pocket maximum. which of the following is 
accurate?",0,1,0%,6
(irmaa),0,1,0%,7
"can you tell me which medicare advantage insurance plans in huntsville, al 
have good out-of-pocket cost coverage?",0,1,0%,7
does medicare cover dupixent for copd,0,1,0%,7
does medicare cover ozempic for type 2 diabetes?,0,1,0%,7
federal,0,1,0%,7
is retirement a life changing event for irmaa,0,1,0%,7
kaiser insurance,0,1,0%,7
medicad,0,1,0%,7
medicaide,0,1,0%,7
"part b premium increase -site:youtube.com -site:reddit.com -site:x.com 
-site:twitter.com -site:facebook.com -site:instagram.com -site:tiktok.com 
-site:linkedin.com -site:pinterest.com -site:nytimes.com -site:wsj.com 
-site:yelp.com -site:rottentomatoes.com",0,1,0%,7
utah medicaid providers,0,1,0%,7
dental health insurance,0,1,0%,8
business health insurance,0,1,0%,9
group health insurance,0,1,0%,9
irmaa qualifying events list,0,1,0%,9
is enbrel covered by medicare,0,1,0%,9
which medicare part d plans cover dupixent,0,1,0%,9
does medicare pay for dupixent,0,1,0%,10
dupixent covered by medicare,0,1,0%,10
job finding help near me,0,1,0%,10
rinvoq medicare coverage,0,1,0%,10
skyrizi medicare coverage,0,1,0%,10
car insurance companies near me,0,1,0%,11
does medicare cover skyrizi for psoriasis,0,1,0%,11
does medicare part d cover skyrizi,0,1,0%,11
does medicare pay for skyrizi,0,1,0%,11
is entresto covered by medicare part d,0,1,0%,11
is humira covered by medicare part b,0,1,0%,11
medicare cost calculator 2026,0,1,0%,11
medicare cost estimator 2026,0,1,0%,11
medicare savings program utah,0,1,0%,11
medication cost calculator,0,1,0%,11
trelegy medicare coverage,0,1,0%,11
what tier is xarelto,0,1,0%,11
will medicare pay for dupixent,0,1,0%,11
car insurance vernal utah,0,1,0%,12
does medicare pay for dupixent injections,0,1,0%,12
is dupixent covered by medicare part d,0,1,0%,12
medicare insurance,0,1,0%,12
prescription cost estimator,0,1,0%,12
rx cost calculator,0,1,0%,12
what is creditable coverage for medicare,0,1,0%,12
does medicare cover telehealth,0,1,0%,13
does medicare part d cover entresto,0,1,0%,13
drug price calculator,0,1,0%,13
find medicare plan,0,1,0%,13
is eliquis covered by medicare,0,1,0%,13
medicare address,0,1,0%,13
medicare assistance near me,0,1,0%,13
medicare part d entresto,0,1,0%,13
medication cost estimator,0,1,0%,13
what's my medicaid number,0,1,0%,13
does medicare cover amjevita,0,1,0%,14
drug cost tool,0,1,0%,14
medical insurance,0,1,0%,14
medicare agents,0,1,0%,14
medicare number to call,0,1,0%,14
medicare part d cost calculator,0,1,0%,14
medicine cost calculator,0,1,0%,14
prescription cost estimator with insurance,0,1,0%,14
utah life insurance companies,0,1,0%,14
all healthcare,0,1,0%,15
does medicare cover semaglutide for weight loss,0,1,0%,15
enbrel medicare,0,1,0%,15
farxiga phone number,0,1,0%,15
is zepbound covered by medicare,0,1,0%,15
medicare eliquis,0,1,0%,15
medication pricing tool,0,1,0%,15
xarelto medicare cost,0,1,0%,15
does medicare cover adalimumab ryvk,0,1,0%,16
eliquis medicare coverage,0,1,0%,16
how do i get ozempic covered by medicare?,0,1,0%,16
how much does entresto cost with medicare,0,1,0%,16
humira medicare,0,1,0%,16
medicare advantage out of pocket maximum 2026,0,1,0%,16
does medicare cover adalimumab,0,1,0%,17
does medicare cover crestor,0,1,0%,17
does medicare cover idacio,0,1,0%,17
does ozempic covered by medicare,0,1,0%,17
eliquis if i have medicare,0,1,0%,17
how much does medicare cover for ambulance,0,1,0%,17
medicare and ozempic,0,1,0%,17
medicare part d plans that cover xarelto,0,1,0%,17
part d late penalty calculator,0,1,0%,17
repatha patient assistance program,0,1,0%,17
semaglutide covered by medicare,0,1,0%,17
does medicare pay for ambulances,0,1,0%,18
does medicare pay for an ambulance,0,1,0%,18
how much is trelegy with medicare,0,1,0%,18
is xarelto covered by medicare part d,0,1,0%,18
medicare part d plans that cover eliquis,0,1,0%,18
medigap vs advantage,0,1,0%,18
trelegy cost with medicare,0,1,0%,18
when will i be eligible for medicare,0,1,0%,18
855 520 3765,0,1,0%,19
creditable coverage definition,0,1,0%,19
creditable coverage includes,0,1,0%,19
does medicare cover alcortin a,0,1,0%,19
does medicare cover rosuvastatin,0,1,0%,19
medicare age calculator,0,1,0%,19
does medicare cover foot care,0,1,0%,20
farxiga financial assistance,0,1,0%,20
humira medicare part d,0,1,0%,20
medicare enrollment period 2026 schedule,0,1,0%,20
does medicare cover taltz,0,1,0%,22
repatha patient assistance application,0,1,0%,22
xarelto $10 co-pay card,0,1,0%,22
does medicare cover alrex,0,1,0%,23
does medicare cover fiorinal,0,1,0%,23
does medicare cover reglan,0,1,0%,23
does medicare cover tranxene,0,1,0%,23
does medicare cover vanacof,0,1,0%,23
medicare part d penalty calculator,0,1,0%,23
why is eliquis not covered by medicare,0,1,0%,23
xarelto assistance,0,1,0%,23
cost of xarelto with medicare part d,0,1,0%,24
creditable coverage for medicare,0,1,0%,24
does medicare cover losartan hctz,0,1,0%,24
does medicare cover sertraline,0,1,0%,24
medicare coverage zepbound,0,1,0%,24
what blood thinners are covered by medicare,0,1,0%,24
xarelto cost with medicare,0,1,0%,24
zepbound medicare,0,1,0%,24
does medicare cover ems services,0,1,0%,25
does medicare cover nizoral,0,1,0%,25
entresto co pay card,0,1,0%,25
how much does eliquis cost with medicare part d,0,1,0%,25
is eliquis covered by insurance,0,1,0%,25
aca insurance providers,0,1,0%,26
does medicare cover altavera,0,1,0%,26
does medicare cover atorvastatin,0,1,0%,26
does medicare cover fioricet,0,1,0%,26
does medicare cover hemangeol,0,1,0%,26
does medicare cover zafirlukast,0,1,0%,26
partial medicaid,0,1,0%,26
xarelto patient assistance,0,1,0%,26
zepbound medicare part d,0,1,0%,26
does medicare cover atorvaliq,0,1,0%,27
does medicare cover captopril,0,1,0%,27
does medicare cover fortamet,0,1,0%,27
medicare cost of eliquis,0,1,0%,27
skyrizi psoriasis cost,0,1,0%,27
will medicare pay for semaglutide,0,1,0%,27
affordable care act utah,0,1,0%,28
dentists near me,0,1,0%,28
does medicare cover medrol,0,1,0%,28
does medicare cover proventil,0,1,0%,28
is semaglutide covered by medicare,0,1,0%,28
tier 3 drugs,0,1,0%,28
will medicare pay for zepbound,0,1,0%,28
does medicare cover nextstellis,0,1,0%,29
does medicare cover tri lo mili,0,1,0%,29
dupixent credit card,0,1,0%,29
farxiga co pay card,0,1,0%,29
farxiga manufacturer coupon,0,1,0%,29
how to get dupixent for free,0,1,0%,29
is apixaban covered by medicare,0,1,0%,29
is wegovy covered by medicare,0,1,0%,29
medicare eligibility utah,0,1,0%,29
original medicare covers ambulance services,0,1,0%,29
when can i get zepbound on medicare,0,1,0%,29
does medicare cover azelastine,0,1,0%,30
does medicare cover fml,0,1,0%,30
does medicare cover striverdi,0,1,0%,30
does medicare cover zenatane,0,1,0%,30
dupixent coupon,0,1,0%,30
humira cost medicare,0,1,0%,30
life insurance quotes utah,0,1,0%,30
medicare supplement cost estimate,0,1,0%,30
quick medigap reviews,0,1,0%,30
tier 3 medications,0,1,0%,30
what are tier 4 drugs,0,1,0%,30
will wegovy be covered by medicare,0,1,0%,30
does medicare cover orphenadrine,0,1,0%,31
does medicare cover wixela inhub,0,1,0%,31
farxiga patient assistance application 2026,0,1,0%,31
wegovy paid by medicare,0,1,0%,31
does medicare cover detrol la,0,1,0%,32
does medicare cover seasonique,0,1,0%,32
entresto medicare coverage,0,1,0%,32
farxiga manufacturer,0,1,0%,32
patient assistance for farxiga,0,1,0%,32
regarding medicare select policies what are restricted network provisions,0,1,0%,32
tier 3 prescription drugs,0,1,0%,32
what are tier 3 drugs,0,1,0%,32
are ambulance services covered by medicare,0,1,0%,33
does medicare cover loestrin 24 fe,0,1,0%,33
does medicare cover avalide,0,1,0%,34
does medicare cover docusate calcium,0,1,0%,34
does medicare cover fabior,0,1,0%,34
farxiga diagnosis code,0,1,0%,34
faxiga coupon,0,1,0%,34
fep prescription drug cost tool,0,1,0%,34
how much does medicare pay for ambulance,0,1,0%,34
medicare amb,0,1,0%,34
medicare ambulance transport,0,1,0%,34
medicare glossary of terms,0,1,0%,34
skyrizi discount,0,1,0%,34
which is better medicare supplement or advantage,0,1,0%,34
xarelto free drug,0,1,0%,34
does medicare cover lansoprazole,0,1,0%,35
does medicare cover valtoco,0,1,0%,35
does medicare part b cover ambulance for seniors,0,1,0%,35
is trulicity covered by medicare,0,1,0%,35
medicare part d utah,0,1,0%,35
medicare pay for ambulance,0,1,0%,35
eliquis coupon medicare,0,1,0%,36
life changing event for irmaa,0,1,0%,36
medicare ambulance cost,0,1,0%,36
will medicare pay for an ambulance,0,1,0%,36
"difference between original medicare medicare advantage and medigap 
supplemental insurance",0,1,0%,37
does medicare cover dilantin,0,1,0%,37
does medicare cover patanase,0,1,0%,37
does medicare pay for ambulance bill,0,1,0%,37
how can i get ozempic for free,0,1,0%,37
is medicare advantage better than medicare supplement,0,1,0%,37
medicare part b ambulance coverage,0,1,0%,37
medicare part b cost calculator,0,1,0%,37
mounjaro copay assistance,0,1,0%,37
cupon para enbrel sureclick,0,1,0%,38
does medicare cover acetaminophen,0,1,0%,38
enbrel patient assistance,0,1,0%,38
entresto $10 co-pay card,0,1,0%,38
medicare scam calls from india,0,1,0%,38
ozempic and medicare,0,1,0%,38
price of eliquis on medicare,0,1,0%,38
risankizumab rzaa coupon,0,1,0%,38
trelegy ellipta coupon for medicare,0,1,0%,38
irmma brackets,0,1,0%,39
medicare gov advantage plans 2026,0,1,0%,39
medicare iirma,0,1,0%,39
medicare medicaid plan eligibility 2022,0,1,0%,39
medicare ozempic,0,1,0%,39
supplement vs advantage,0,1,0%,39
what happens if i miss medicare enrollment,0,1,0%,39
does medicare cover foot care for diabetics,0,1,0%,40
does medicare cover ibuprofen,0,1,0%,40
dupixent covered by insurance,0,1,0%,40
irmaa life changing event,0,1,0%,40
skyrizi patient assistance program,0,1,0%,40
skyrizi savings,0,1,0%,40
xarelto medicare,0,1,0%,40
costco pharmacy cost estimator,0,1,0%,41
coupon for farxiga,0,1,0%,41
covered d,0,1,0%,41
custom medicare ambulance,0,1,0%,41
does medicaid cover jardiance,0,1,0%,41
does medicare cover novolin r,0,1,0%,41
does medicare cover provera,0,1,0%,41
does medicare cover tolterodine,0,1,0%,41
drug pricing tool,0,1,0%,41
entresto card,0,1,0%,41
health insurance agency,0,1,0%,41
medicare scam call,0,1,0%,41
ozempic covered by medicare,0,1,0%,41
tier 4 prescription drugs,0,1,0%,41
what is the medicare-approved amount for ambulance services,0,1,0%,41
does medicare cover ambulance rides,0,1,0%,42
does medicare cover azelex,0,1,0%,42
does medicare cover migranal,0,1,0%,42
does medicare cover riomet,0,1,0%,42
does medicare cover wegovy for mash,0,1,0%,42
does medicare cover xanax xr,0,1,0%,42
medicare ambulance,0,1,0%,42
medicare supplement vs advantage,0,1,0%,42
medicare supplement vs medicare advantage,0,1,0%,42
medicare supplemental vs medicare advantage,0,1,0%,42
rilutek copay help,0,1,0%,42
skyrizi coupon,0,1,0%,42
will medicare pay for ozempic,0,1,0%,42
astrazeneca farxiga coupon,0,1,0%,43
does medicare cover ipratropium albuterol,0,1,0%,43
farxiga coupon no insurance,0,1,0%,43
farxiga discount,0,1,0%,43
medicare payment calculator,0,1,0%,43
what medications are covered by medicare,0,1,0%,43
2026 medicare costs fact sheet,0,1,0%,44
ambulance coverage,0,1,0%,44
coupons for farxiga,0,1,0%,44
discount coupon for farxiga,0,1,0%,44
does medicare cover carvedilol,0,1,0%,44
does medicare cover levlite,0,1,0%,44
does medicare cover nimodipine,0,1,0%,44
options if you miss medicare part b enrollment,0,1,0%,44
aarp medigap,0,1,0%,45
are ambulance rides covered by medicare,0,1,0%,45
calculate medicare premium,0,1,0%,45
compare medigap and medicare advantage,0,1,0%,45
does medicare cover valium,0,1,0%,45
farxiga drug company,0,1,0%,45
medicare advantage plan changes,0,1,0%,45
medicare coverage for nursing home,0,1,0%,45
medicare inhaler coverage,0,1,0%,45
medicare medication coverage,0,1,0%,45
medicare part d drug coverage list,0,1,0%,45
medicare price list,0,1,0%,45
cost of entresto with medicare,0,1,0%,46
does medicare cover emergency transportation,0,1,0%,46
farxiga website,0,1,0%,46
irmaa medicare surcharges,0,1,0%,46
medicare benefits scam calls,0,1,0%,46
medicare part d formulary drug list,0,1,0%,46
my way dupixent,0,1,0%,46
what is medicare irmma,0,1,0%,46
does medicare cover 24 hour hospice care,0,1,0%,47
does medicare cover mar cof cg,0,1,0%,47
does medicare pay for ambulance services,0,1,0%,47
does medicare pay for emergency ambulance service,0,1,0%,47
entresto discount card,0,1,0%,47
medicare irmaa 2026,0,1,0%,47
medicare medicaid plans,0,1,0%,47
medicare part b late enrollment penalty calculator,0,1,0%,47
medicare phone scams,0,1,0%,47
medicare premium calculator,0,1,0%,47
medicare supplement or medicare advantage which is better,0,1,0%,47
what if i miss my medicare enrollment deadline?,0,1,0%,47
xarelto withme savings program,0,1,0%,47
does medicare cover ambulance trips,0,1,0%,48
does medicare cover kytril,0,1,0%,48
does medicare cover podiatry visits,0,1,0%,48
does medicare cover skyla,0,1,0%,48
does medicare cover starlix,0,1,0%,48
does medicare cover tretinoin,0,1,0%,48
does medicare pay for hospice services,0,1,0%,48
how much is an ambulance ride with medicare,0,1,0%,48
what is medicare irmaa,0,1,0%,48
does medicare cover benzocaine,0,1,0%,49
does medicare cover regranex,0,1,0%,49
does medicare cover valproic acid,0,1,0%,49
does medicare cover xerac ac,0,1,0%,49
farxiga coupon cvs,0,1,0%,49
life insurance quote sandy ut,0,1,0%,49
medicare advantage plans changes 2026,0,1,0%,49
medicare and 65,0,1,0%,49
medicare in utah,0,1,0%,49
does medicare cover air ambulance,0,1,0%,50
does medicare cover karbinal er,0,1,0%,50
does medicare cover penicillamine,0,1,0%,50
does medicare cover pioglitazone metformin,0,1,0%,50
how much is medicare deduction,0,1,0%,50
how much is the irmaa surcharge,0,1,0%,50
medicare coverage of ambulance services,0,1,0%,50
nurse practitioner near me,0,1,0%,50
xarelto trial card,0,1,0%,50
h4523 039 01 - hmo,0,1,0%,51
medicare medication list,0,1,0%,51
medicare out of pocket maximum 2026,0,1,0%,51
still working past 65,0,1,0%,51
what is irmaa medicare,0,1,0%,51
irmaa 2026,0,1,0%,52
is ambulance covered by medicare,0,1,0%,52
is wegovy pill covered by medicare,0,1,0%,52
medicare insurance glossary,0,1,0%,52
prescription hope ozempic,0,1,0%,52
does medicare part a cover ambulance service,0,1,0%,53
medicaid medicare plans,0,1,0%,53
2026 irmaa brackets medicare married filing jointly,0,1,0%,54
medicare advantage benefit changes 2026,0,1,0%,54
medicare coinsurance deductible only,0,1,0%,54
medicare coverage hospice,0,1,0%,54
penalties for not signing up for medicare,0,1,0%,54
2026 irmaa brackets medicare part b d,0,1,0%,55
check prescription drug prices,0,1,0%,55
comparing drug prices,0,1,0%,55
insurance 84405,0,1,0%,55
aca insurance st. george ut,0,1,0%,56
medicare irmaa premium,0,1,0%,56
medicare part d glp 1 coverage,0,1,0%,56
medicare prescription payment plan calculator,0,1,0%,56
glp1 medicare coverage,0,1,0%,57
medicare advantage changes,0,1,0%,57
medicare glp-1 coverage 2026,0,1,0%,57
medicare calculation,0,1,0%,58
medicare rx formulary,0,1,0%,58
medicare working past 65,0,1,0%,58
calculate late enrollment penalty part d,0,1,0%,59
dapagliflozin propanediol coupon,0,1,0%,59
extra help 2026,0,1,0%,59
health insurance agents near me,0,1,0%,59
late enrollment penalty calculator,0,1,0%,59
medicare of utah,0,1,0%,59
medicare premium rates,0,1,0%,59
missed medicare enrollment period,0,1,0%,59
skilled nursing care medicare coverage,0,1,0%,59
what is an irmaa surcharge,0,1,0%,59
does medicare cover medications,0,1,0%,60
extra help medicare 2026,0,1,0%,60
health insurance through aca st. george ut,0,1,0%,60
medicare a and b cost 2026,0,1,0%,60
formulary drug list for medicare,0,1,0%,61
medicare part d irmaa,0,1,0%,61
what glp 1 does medicare cover,0,1,0%,61
what is irmaa,0,1,0%,61
2026 medicare irmaa income brackets married filing jointly,0,1,0%,62
creditable insurance,0,1,0%,62
insurance financing utah,0,1,0%,62
medical prescription costs,0,1,0%,62
medicare advantage changes for 2026,0,1,0%,62
trulicity cost with insurance,0,1,0%,62